"response","predictor","df","AIC","dAIC","selected"
"taxo_q0","Temperature_median",1,1029.1110793597,1.39608118843171e-07,TRUE
"taxo_q0","Temperature_median",2,1029.11133799395,0.000258773864061368,FALSE
"taxo_q0","Temperature_median",3,1029.11108130481,2.0847169253102e-06,FALSE
"taxo_q0","Temperature_median",4,1029.11107922009,0,FALSE
"taxo_q0","Chla_median",1,1029.1110793597,4.67127847514348e-08,TRUE
"taxo_q0","Chla_median",2,1029.11107931298,0,FALSE
"taxo_q0","Chla_median",3,NA,NA,FALSE
"taxo_q0","Chla_median",4,1029.11108658936,7.27637734598829e-06,FALSE
"taxo_q0","Salinity_median",1,1029.1110793597,1.37682263812167e-07,TRUE
"taxo_q0","Salinity_median",2,1029.11110584766,2.66256492977845e-05,FALSE
"taxo_q0","Salinity_median",3,1029.11107922201,0,FALSE
"taxo_q0","Salinity_median",4,1029.11110431842,2.50964005772403e-05,FALSE
"taxo_q0","pH_median",1,1029.1110793597,0,TRUE
"taxo_q0","pH_median",2,1029.11109337868,1.40189852118056e-05,FALSE
"taxo_q0","pH_median",3,1029.11107938021,2.05088781513041e-08,FALSE
"taxo_q0","pH_median",4,1029.11125835896,0.000178999261379431,FALSE
"taxo_q0","Oxygen_median",1,1029.1110793597,1.33544517666451e-07,TRUE
"taxo_q0","Oxygen_median",2,1029.11107936918,1.43029865284916e-07,FALSE
"taxo_q0","Oxygen_median",3,1029.11107922615,0,FALSE
"taxo_q0","Oxygen_median",4,1029.1110952692,1.60430463438388e-05,FALSE
"taxo_q1","Temperature_median",1,903.180695467064,4.40077201346867e-08,TRUE
"taxo_q1","Temperature_median",2,903.180695523272,1.00215515885793e-07,FALSE
"taxo_q1","Temperature_median",3,903.180695423056,0,FALSE
"taxo_q1","Temperature_median",4,NA,NA,FALSE
"taxo_q1","Chla_median",1,903.180695467064,5.19739842275158e-08,TRUE
"taxo_q1","Chla_median",2,903.180695490571,7.54806706027011e-08,FALSE
"taxo_q1","Chla_median",3,903.18069541509,0,FALSE
"taxo_q1","Chla_median",4,903.181040991725,0.00034557663468604,FALSE
"taxo_q1","Salinity_median",1,903.180695467064,0,TRUE
"taxo_q1","Salinity_median",2,903.180711162988,1.56959239347998e-05,FALSE
"taxo_q1","Salinity_median",3,903.180997906537,0.000302439472648075,FALSE
"taxo_q1","Salinity_median",4,903.180796043199,0.000100576134968833,FALSE
"taxo_q1","pH_median",1,903.180695467064,0,TRUE
"taxo_q1","pH_median",2,903.180695497443,3.03793967759702e-08,FALSE
"taxo_q1","pH_median",3,903.180695486543,1.94792164620594e-08,FALSE
"taxo_q1","pH_median",4,903.180998751599,0.000303284535220882,FALSE
"taxo_q1","Oxygen_median",1,903.180695467064,5.18132310389774e-08,TRUE
"taxo_q1","Oxygen_median",2,903.180695531691,1.16440219244396e-07,FALSE
"taxo_q1","Oxygen_median",3,903.180695415251,0,FALSE
"taxo_q1","Oxygen_median",4,903.180695419633,4.38251390733058e-09,FALSE
"phylo_q0","Temperature_median",1,644.465144343479,6.33986019238364e-08,TRUE
"phylo_q0","Temperature_median",2,644.465144342597,6.25165057499544e-08,FALSE
"phylo_q0","Temperature_median",3,644.46514428008,0,FALSE
"phylo_q0","Temperature_median",4,NA,NA,FALSE
"phylo_q0","Chla_median",1,644.465144343479,4.7327716856671e-08,TRUE
"phylo_q0","Chla_median",2,644.465144371324,7.51730340198264e-08,FALSE
"phylo_q0","Chla_median",3,644.465144296151,0,FALSE
"phylo_q0","Chla_median",4,644.465144317826,2.16753051063279e-08,FALSE
"phylo_q0","Salinity_median",1,644.465144343479,6.31624743618886e-08,TRUE
"phylo_q0","Salinity_median",2,644.465144330165,4.9848267735797e-08,FALSE
"phylo_q0","Salinity_median",3,644.465144280316,0,FALSE
"phylo_q0","Salinity_median",4,644.465153313514,9.03319778444711e-06,FALSE
"phylo_q0","pH_median",1,644.465144343479,0,TRUE
"phylo_q0","pH_median",2,644.465144363831,2.0352104002086e-08,FALSE
"phylo_q0","pH_median",3,644.465144361714,1.82355961442227e-08,FALSE
"phylo_q0","pH_median",4,644.465144381646,3.81673999072518e-08,FALSE
"phylo_q0","Oxygen_median",1,644.465144343479,6.38445953882183e-08,TRUE
"phylo_q0","Oxygen_median",2,644.465144361624,8.19902652438032e-08,FALSE
"phylo_q0","Oxygen_median",3,644.465144279634,0,FALSE
"phylo_q0","Oxygen_median",4,644.465239644374,9.53647394226209e-05,FALSE
"phylo_q1","Temperature_median",1,392.089709396024,2.75952629635867e-08,TRUE
"phylo_q1","Temperature_median",2,392.089709409618,4.11886276197038e-08,FALSE
"phylo_q1","Temperature_median",3,392.089714885726,5.51729738162976e-06,FALSE
"phylo_q1","Temperature_median",4,392.089709368429,0,FALSE
"phylo_q1","Chla_median",1,392.089709396024,0,TRUE
"phylo_q1","Chla_median",2,392.089709404739,8.71500560606364e-09,FALSE
"phylo_q1","Chla_median",3,392.089709724352,3.28327985243959e-07,FALSE
"phylo_q1","Chla_median",4,392.089709413411,1.73869807440497e-08,FALSE
"phylo_q1","Salinity_median",1,392.089709396024,3.30089733324712e-10,TRUE
"phylo_q1","Salinity_median",2,392.089709395694,0,FALSE
"phylo_q1","Salinity_median",3,392.089709425484,2.9789362088195e-08,FALSE
"phylo_q1","Salinity_median",4,392.089709416252,2.05577066481055e-08,FALSE
"phylo_q1","pH_median",1,392.089709396024,0,TRUE
"phylo_q1","pH_median",2,392.08970940647,1.04459445537941e-08,FALSE
"phylo_q1","pH_median",3,392.089709398502,2.47717935053515e-09,FALSE
"phylo_q1","pH_median",4,392.089709408521,1.24969687931298e-08,FALSE
"phylo_q1","Oxygen_median",1,392.089709396024,0,TRUE
"phylo_q1","Oxygen_median",2,392.089709401198,5.17349008077872e-09,FALSE
"phylo_q1","Oxygen_median",3,392.089709400938,4.91314722239622e-09,FALSE
"phylo_q1","Oxygen_median",4,392.089709425206,2.91817627839919e-08,FALSE
