sample;lake;month;origin;lake_origin;replicate;samples
BOI-B-GAR-GUT10;BOI;B;LEP;BOI_LEP;GUT10;BOI-B-GAR-GUT10
BOI-B-GAR-GUT1;BOI;B;LEP;BOI_LEP;GUT1;BOI-B-GAR-GUT1
BOI-B-GAR-GUT2;BOI;B;LEP;BOI_LEP;GUT2;BOI-B-GAR-GUT2
BOI-B-GAR-GUT3;BOI;B;LEP;BOI_LEP;GUT3;BOI-B-GAR-GUT3
BOI-B-GAR-GUT4;BOI;B;LEP;BOI_LEP;GUT4;BOI-B-GAR-GUT4
BOI-B-GAR-GUT5;BOI;B;LEP;BOI_LEP;GUT5;BOI-B-GAR-GUT5
BOI-B-GAR-GUT6;BOI;B;LEP;BOI_LEP;GUT6;BOI-B-GAR-GUT6
BOI-B-GAR-GUT7;BOI;B;LEP;BOI_LEP;GUT7;BOI-B-GAR-GUT7
BOI-B-GAR-GUT8;BOI;B;LEP;BOI_LEP;GUT8;BOI-B-GAR-GUT8
BOI-B-GAR-GUT9;BOI;B;LEP;BOI_LEP;GUT9;BOI-B-GAR-GUT9
BOI-B-W1-ADN1;BOI;B;WATER;BOI_WATER;W1;BOI-B-W1-ADN1
BOI-B-W2-ADN1;BOI;B;WATER;BOI_WATER;W2;BOI-B-W2-ADN1
BOI-B-W2-SED1;BOI;B;SED;BOI_SED;SED1;BOI-B-W2-SED1
BOI-B-W3-ADN1;BOI;B;WATER;BOI_WATER;W3;BOI-B-W3-ADN1
CHA-B-GAR-GUT10;CHA;B;LEP;CHA_LEP;GUT10;CHA-B-GAR-GUT10
CHA-B-GAR-GUT1;CHA;B;LEP;CHA_LEP;GUT1;CHA-B-GAR-GUT1
CHA-B-GAR-GUT2;CHA;B;LEP;CHA_LEP;GUT2;CHA-B-GAR-GUT2
CHA-B-GAR-GUT3;CHA;B;LEP;CHA_LEP;GUT3;CHA-B-GAR-GUT3
CHA-B-GAR-GUT4;CHA;B;LEP;CHA_LEP;GUT4;CHA-B-GAR-GUT4
CHA-B-GAR-GUT5;CHA;B;LEP;CHA_LEP;GUT5;CHA-B-GAR-GUT5
CHA-B-GAR-GUT6;CHA;B;LEP;CHA_LEP;GUT6;CHA-B-GAR-GUT6
CHA-B-GAR-GUT7;CHA;B;LEP;CHA_LEP;GUT7;CHA-B-GAR-GUT7
CHA-B-GAR-GUT8;CHA;B;LEP;CHA_LEP;GUT8;CHA-B-GAR-GUT8
CHA-B-GAR-GUT9;CHA;B;LEP;CHA_LEP;GUT9;CHA-B-GAR-GUT9
CHA-B-PER-GUT10;CHA;B;PER;CHA_PER;GUT10;CHA-B-PER-GUT10
CHA-B-PER-GUT1;CHA;B;PER;CHA_PER;GUT1;CHA-B-PER-GUT1
CHA-B-PER-GUT2;CHA;B;PER;CHA_PER;GUT2;CHA-B-PER-GUT2
CHA-B-PER-GUT3;CHA;B;PER;CHA_PER;GUT3;CHA-B-PER-GUT3
CHA-B-PER-GUT4;CHA;B;PER;CHA_PER;GUT4;CHA-B-PER-GUT4
CHA-B-PER-GUT5;CHA;B;PER;CHA_PER;GUT5;CHA-B-PER-GUT5
CHA-B-PER-GUT6;CHA;B;PER;CHA_PER;GUT6;CHA-B-PER-GUT6
CHA-B-PER-GUT7;CHA;B;PER;CHA_PER;GUT7;CHA-B-PER-GUT7
CHA-B-PER-GUT8;CHA;B;PER;CHA_PER;GUT8;CHA-B-PER-GUT8
CHA-B-PER-GUT9;CHA;B;PER;CHA_PER;GUT9;CHA-B-PER-GUT9
CHA-B-W1-ADN1;CHA;B;WATER;CHA_WATER;W1;CHA-B-W1-ADN1
CHA-B-W2-ADN1;CHA;B;WATER;CHA_WATER;W2;CHA-B-W2-ADN1
CHA-B-W2-SED1;CHA;B;SED;CHA_SED;SED1;CHA-B-W2-SED1
CHA-B-W3-ADN1;CHA;B;WATER;CHA_WATER;W3;CHA-B-W3-ADN1
CRJ1-B-W1-ADN1;CRJ1;B;WATER;CRJ1_WATER;W1;CRJ1-B-W1-ADN1
CRJ1-B-W2-ADN1;CRJ1;B;WATER;CRJ1_WATER;W2;CRJ1-B-W2-ADN1
CRJ1-B-W2-SED1;CRJ1;B;SED;CRJ1_SED;SED1;CRJ1-B-W2-SED1
CRJ1-B-W3-ADN1;CRJ1;B;WATER;CRJ1_WATER;W3;CRJ1-B-W3-ADN1
CRJ2-B-W1-ADN1;CRJ2;B;WATER;CRJ2_WATER;W1;CRJ2-B-W1-ADN1
CRJ2-B-W2-ADN1;CRJ2;B;WATER;CRJ2_WATER;W2;CRJ2-B-W2-ADN1
CRJ2-B-W2-SED1;CRJ2;B;SED;CRJ2_SED;SED1;CRJ2-B-W2-SED1
CRJ2-B-W3-ADN1;CRJ2;B;WATER;CRJ2_WATER;W3;CRJ2-B-W3-ADN1
CRJ-B-GAR-GUT10;CRJ1;B;LEP;CRJ1_LEP;GUT10;CRJ-B-GAR-GUT10
CRJ-B-GAR-GUT1;CRJ1;B;LEP;CRJ1_LEP;GUT1;CRJ-B-GAR-GUT1
CRJ-B-GAR-GUT2;CRJ1;B;LEP;CRJ1_LEP;GUT2;CRJ-B-GAR-GUT2
CRJ-B-GAR-GUT3;CRJ1;B;LEP;CRJ1_LEP;GUT3;CRJ-B-GAR-GUT3
CRJ-B-GAR-GUT4;CRJ1;B;LEP;CRJ1_LEP;GUT4;CRJ-B-GAR-GUT4
CRJ-B-GAR-GUT5;CRJ1;B;LEP;CRJ1_LEP;GUT5;CRJ-B-GAR-GUT5
CRJ-B-GAR-GUT6;CRJ1;B;LEP;CRJ1_LEP;GUT6;CRJ-B-GAR-GUT6
CRJ-B-GAR-GUT7;CRJ1;B;LEP;CRJ1_LEP;GUT7;CRJ-B-GAR-GUT7
CRJ-B-GAR-GUT8;CRJ1;B;LEP;CRJ1_LEP;GUT8;CRJ-B-GAR-GUT8
CRJ-B-GAR-GUT9;CRJ1;B;LEP;CRJ1_LEP;GUT9;CRJ-B-GAR-GUT9
CRJ-B-PER-GUT10;CRJ1;B;PER;CRJ1_PER;GUT10;CRJ-B-PER-GUT10
CRJ-B-PER-GUT1;CRJ1;B;PER;CRJ1_PER;GUT1;CRJ-B-PER-GUT1
CRJ-B-PER-GUT2;CRJ1;B;PER;CRJ1_PER;GUT2;CRJ-B-PER-GUT2
CRJ-B-PER-GUT3;CRJ1;B;PER;CRJ1_PER;GUT3;CRJ-B-PER-GUT3
CRJ-B-PER-GUT4;CRJ1;B;PER;CRJ1_PER;GUT4;CRJ-B-PER-GUT4
CRJ-B-PER-GUT5;CRJ1;B;PER;CRJ1_PER;GUT5;CRJ-B-PER-GUT5
CRJ-B-PER-GUT6;CRJ1;B;PER;CRJ1_PER;GUT6;CRJ-B-PER-GUT6
CRJ-B-PER-GUT7;CRJ1;B;PER;CRJ1_PER;GUT7;CRJ-B-PER-GUT7
CRJ-B-PER-GUT8;CRJ1;B;PER;CRJ1_PER;GUT8;CRJ-B-PER-GUT8
CRJ-B-PER-GUT9;CRJ1;B;PER;CRJ1_PER;GUT9;CRJ-B-PER-GUT9
CTL-B-GAR-GUT10;CTL;B;LEP;CTL_LEP;GUT10;CTL-B-GAR-GUT10
CTL-B-GAR-GUT1;CTL;B;LEP;CTL_LEP;GUT1;CTL-B-GAR-GUT1
CTL-B-GAR-GUT2;CTL;B;LEP;CTL_LEP;GUT2;CTL-B-GAR-GUT2
CTL-B-GAR-GUT3;CTL;B;LEP;CTL_LEP;GUT3;CTL-B-GAR-GUT3
CTL-B-GAR-GUT4;CTL;B;LEP;CTL_LEP;GUT4;CTL-B-GAR-GUT4
CTL-B-GAR-GUT5;CTL;B;LEP;CTL_LEP;GUT5;CTL-B-GAR-GUT5
CTL-B-GAR-GUT6;CTL;B;LEP;CTL_LEP;GUT6;CTL-B-GAR-GUT6
CTL-B-GAR-GUT7;CTL;B;LEP;CTL_LEP;GUT7;CTL-B-GAR-GUT7
CTL-B-GAR-GUT8;CTL;B;LEP;CTL_LEP;GUT8;CTL-B-GAR-GUT8
CTL-B-GAR-GUT9;CTL;B;LEP;CTL_LEP;GUT9;CTL-B-GAR-GUT9
CTL-B-PER-GUT10;CTL;B;PER;CTL_PER;GUT10;CTL-B-PER-GUT10
CTL-B-PER-GUT1;CTL;B;PER;CTL_PER;GUT1;CTL-B-PER-GUT1
CTL-B-PER-GUT2;CTL;B;PER;CTL_PER;GUT2;CTL-B-PER-GUT2
CTL-B-PER-GUT3;CTL;B;PER;CTL_PER;GUT3;CTL-B-PER-GUT3
CTL-B-PER-GUT4;CTL;B;PER;CTL_PER;GUT4;CTL-B-PER-GUT4
CTL-B-PER-GUT5;CTL;B;PER;CTL_PER;GUT5;CTL-B-PER-GUT5
CTL-B-PER-GUT6;CTL;B;PER;CTL_PER;GUT6;CTL-B-PER-GUT6
CTL-B-PER-GUT7;CTL;B;PER;CTL_PER;GUT7;CTL-B-PER-GUT7
CTL-B-PER-GUT8;CTL;B;PER;CTL_PER;GUT8;CTL-B-PER-GUT8
CTL-B-PER-GUT9;CTL;B;PER;CTL_PER;GUT9;CTL-B-PER-GUT9
CTL-B-W1-ADN1;CTL;B;WATER;CTL_WATER;W1;CTL-B-W1-ADN1
CTL-B-W2-ADN1;CTL;B;WATER;CTL_WATER;W2;CTL-B-W2-ADN1
CTL-B-W2-SED1;CTL;B;SED;CTL_SED;SED1;CTL-B-W2-SED1
CTL-B-W3-ADN1;CTL;B;WATER;CTL_WATER;W3;CTL-B-W3-ADN1
GDP-B-GAR-GUT10;GDP;B;LEP;GDP_LEP;GUT10;GDP-B-GAR-GUT10
GDP-B-GAR-GUT1;GDP;B;LEP;GDP_LEP;GUT1;GDP-B-GAR-GUT1
GDP-B-GAR-GUT2;GDP;B;LEP;GDP_LEP;GUT2;GDP-B-GAR-GUT2
GDP-B-GAR-GUT3;GDP;B;LEP;GDP_LEP;GUT3;GDP-B-GAR-GUT3
GDP-B-GAR-GUT4;GDP;B;LEP;GDP_LEP;GUT4;GDP-B-GAR-GUT4
GDP-B-GAR-GUT5;GDP;B;LEP;GDP_LEP;GUT5;GDP-B-GAR-GUT5
GDP-B-GAR-GUT6;GDP;B;LEP;GDP_LEP;GUT6;GDP-B-GAR-GUT6
GDP-B-GAR-GUT7;GDP;B;LEP;GDP_LEP;GUT7;GDP-B-GAR-GUT7
GDP-B-GAR-GUT8;GDP;B;LEP;GDP_LEP;GUT8;GDP-B-GAR-GUT8
GDP-B-GAR-GUT9;GDP;B;LEP;GDP_LEP;GUT9;GDP-B-GAR-GUT9
GDP-B-PER-GUT10;GDP;B;PER;GDP_PER;GUT10;GDP-B-PER-GUT10
GDP-B-PER-GUT1;GDP;B;PER;GDP_PER;GUT1;GDP-B-PER-GUT1
GDP-B-PER-GUT2;GDP;B;PER;GDP_PER;GUT2;GDP-B-PER-GUT2
GDP-B-PER-GUT3;GDP;B;PER;GDP_PER;GUT3;GDP-B-PER-GUT3
GDP-B-PER-GUT4;GDP;B;PER;GDP_PER;GUT4;GDP-B-PER-GUT4
GDP-B-PER-GUT5;GDP;B;PER;GDP_PER;GUT5;GDP-B-PER-GUT5
GDP-B-PER-GUT6;GDP;B;PER;GDP_PER;GUT6;GDP-B-PER-GUT6
GDP-B-PER-GUT7;GDP;B;PER;GDP_PER;GUT7;GDP-B-PER-GUT7
GDP-B-PER-GUT8;GDP;B;PER;GDP_PER;GUT8;GDP-B-PER-GUT8
GDP-B-PER-GUT9;GDP;B;PER;GDP_PER;GUT9;GDP-B-PER-GUT9
GDP-B-W1-ADN1;GDP;B;WATER;GDP_WATER;W1;GDP-B-W1-ADN1
GDP-B-W2-ADN1;GDP;B;WATER;GDP_WATER;W2;GDP-B-W2-ADN1
GDP-B-W2-SED1;GDP;B;SED;GDP_SED;SED1;GDP-B-W2-SED1
GDP-B-W3-ADN1;GDP;B;WATER;GDP_WATER;W3;GDP-B-W3-ADN1
JAB-B-GAR-GUT10;JAB;B;LEP;JAB_LEP;GUT10;JAB-B-GAR-GUT10
JAB-B-GAR-GUT1;JAB;B;LEP;JAB_LEP;GUT1;JAB-B-GAR-GUT1
JAB-B-GAR-GUT2;JAB;B;LEP;JAB_LEP;GUT2;JAB-B-GAR-GUT2
JAB-B-GAR-GUT3;JAB;B;LEP;JAB_LEP;GUT3;JAB-B-GAR-GUT3
JAB-B-GAR-GUT4;JAB;B;LEP;JAB_LEP;GUT4;JAB-B-GAR-GUT4
JAB-B-GAR-GUT5;JAB;B;LEP;JAB_LEP;GUT5;JAB-B-GAR-GUT5
JAB-B-GAR-GUT6;JAB;B;LEP;JAB_LEP;GUT6;JAB-B-GAR-GUT6
JAB-B-GAR-GUT7;JAB;B;LEP;JAB_LEP;GUT7;JAB-B-GAR-GUT7
JAB-B-GAR-GUT8;JAB;B;LEP;JAB_LEP;GUT8;JAB-B-GAR-GUT8
JAB-B-GAR-GUT9;JAB;B;LEP;JAB_LEP;GUT9;JAB-B-GAR-GUT9
JAB-B-PER-GUT1;JAB;B;PER;JAB_PER;GUT1;JAB-B-PER-GUT1
JAB-B-PER-GUT2;JAB;B;PER;JAB_PER;GUT2;JAB-B-PER-GUT2
JAB-B-PER-GUT3;JAB;B;PER;JAB_PER;GUT3;JAB-B-PER-GUT3
JAB-B-PER-GUT5;JAB;B;PER;JAB_PER;GUT5;JAB-B-PER-GUT5
JAB-B-W1-ADN1;JAB;B;WATER;JAB_WATER;W1;JAB-B-W1-ADN1
JAB-B-W2-ADN1;JAB;B;WATER;JAB_WATER;W2;JAB-B-W2-ADN1
JAB-B-W2-SED1;JAB;B;SED;JAB_SED;SED1;JAB-B-W2-SED1
JAB-B-W3-ADN1;JAB;B;WATER;JAB_WATER;W3;JAB-B-W3-ADN1
TRI-B-GAR-GUT10;CRJ2;B;LEP;CRJ2_LEP;GUT10;TRI-B-GAR-GUT10
TRI-B-GAR-GUT1;CRJ2;B;LEP;CRJ2_LEP;GUT1;TRI-B-GAR-GUT1
TRI-B-GAR-GUT2;CRJ2;B;LEP;CRJ2_LEP;GUT2;TRI-B-GAR-GUT2
TRI-B-GAR-GUT3;CRJ2;B;LEP;CRJ2_LEP;GUT3;TRI-B-GAR-GUT3
TRI-B-GAR-GUT4;CRJ2;B;LEP;CRJ2_LEP;GUT4;TRI-B-GAR-GUT4
TRI-B-GAR-GUT5;CRJ2;B;LEP;CRJ2_LEP;GUT5;TRI-B-GAR-GUT5
TRI-B-GAR-GUT6;CRJ2;B;LEP;CRJ2_LEP;GUT6;TRI-B-GAR-GUT6
TRI-B-GAR-GUT7;CRJ2;B;LEP;CRJ2_LEP;GUT7;TRI-B-GAR-GUT7
TRI-B-GAR-GUT8;CRJ2;B;LEP;CRJ2_LEP;GUT8;TRI-B-GAR-GUT8
TRI-B-GAR-GUT9;CRJ2;B;LEP;CRJ2_LEP;GUT9;TRI-B-GAR-GUT9
TRI-B-PER-GUT10;CRJ2;B;PER;CRJ2_PER;GUT10;TRI-B-PER-GUT10
TRI-B-PER-GUT1;CRJ2;B;PER;CRJ2_PER;GUT1;TRI-B-PER-GUT1
TRI-B-PER-GUT2;CRJ2;B;PER;CRJ2_PER;GUT2;TRI-B-PER-GUT2
TRI-B-PER-GUT3;CRJ2;B;PER;CRJ2_PER;GUT3;TRI-B-PER-GUT3
TRI-B-PER-GUT4;CRJ2;B;PER;CRJ2_PER;GUT4;TRI-B-PER-GUT4
TRI-B-PER-GUT5;CRJ2;B;PER;CRJ2_PER;GUT5;TRI-B-PER-GUT5
TRI-B-PER-GUT6;CRJ2;B;PER;CRJ2_PER;GUT6;TRI-B-PER-GUT6
TRI-B-PER-GUT7;CRJ2;B;PER;CRJ2_PER;GUT7;TRI-B-PER-GUT7
TRI-B-PER-GUT8;CRJ2;B;PER;CRJ2_PER;GUT8;TRI-B-PER-GUT8
TRI-B-PER-GUT9;CRJ2;B;PER;CRJ2_PER;GUT9;TRI-B-PER-GUT9
VAI-B-GAR-GUT10;VAI;B;LEP;VAI_LEP;GUT10;VAI-B-GAR-GUT10
VAI-B-GAR-GUT1;VAI;B;LEP;VAI_LEP;GUT1;VAI-B-GAR-GUT1
VAI-B-GAR-GUT2;VAI;B;LEP;VAI_LEP;GUT2;VAI-B-GAR-GUT2
VAI-B-GAR-GUT3;VAI;B;LEP;VAI_LEP;GUT3;VAI-B-GAR-GUT3
VAI-B-GAR-GUT4;VAI;B;LEP;VAI_LEP;GUT4;VAI-B-GAR-GUT4
VAI-B-GAR-GUT5;VAI;B;LEP;VAI_LEP;GUT5;VAI-B-GAR-GUT5
VAI-B-GAR-GUT6;VAI;B;LEP;VAI_LEP;GUT6;VAI-B-GAR-GUT6
VAI-B-GAR-GUT7;VAI;B;LEP;VAI_LEP;GUT7;VAI-B-GAR-GUT7
VAI-B-GAR-GUT8;VAI;B;LEP;VAI_LEP;GUT8;VAI-B-GAR-GUT8
VAI-B-GAR-GUT9;VAI;B;LEP;VAI_LEP;GUT9;VAI-B-GAR-GUT9
VAI-B-W1-ADN1;VAI;B;WATER;VAI_WATER;W1;VAI-B-W1-ADN1
VAI-B-W2-ADN1;VAI;B;WATER;VAI_WATER;W2;VAI-B-W2-ADN1
VAI-B-W2-SED1;VAI;B;SED;VAI_SED;SED1;VAI-B-W2-SED1
VAI-B-W3-ADN1;VAI;B;WATER;VAI_WATER;W3;VAI-B-W3-ADN1
VER-B-GAR-GUT10;VER;B;LEP;VER_LEP;GUT10;VER-B-GAR-GUT10
VER-B-GAR-GUT1;VER;B;LEP;VER_LEP;GUT1;VER-B-GAR-GUT1
VER-B-GAR-GUT2;VER;B;LEP;VER_LEP;GUT2;VER-B-GAR-GUT2
VER-B-GAR-GUT3;VER;B;LEP;VER_LEP;GUT3;VER-B-GAR-GUT3
VER-B-GAR-GUT4;VER;B;LEP;VER_LEP;GUT4;VER-B-GAR-GUT4
VER-B-GAR-GUT5;VER;B;LEP;VER_LEP;GUT5;VER-B-GAR-GUT5
VER-B-GAR-GUT6;VER;B;LEP;VER_LEP;GUT6;VER-B-GAR-GUT6
VER-B-GAR-GUT7;VER;B;LEP;VER_LEP;GUT7;VER-B-GAR-GUT7
VER-B-GAR-GUT8;VER;B;LEP;VER_LEP;GUT8;VER-B-GAR-GUT8
VER-B-GAR-GUT9;VER;B;LEP;VER_LEP;GUT9;VER-B-GAR-GUT9
VER-B-PER-GUT10;VER;B;PER;VER_PER;GUT10;VER-B-PER-GUT10
VER-B-PER-GUT1;VER;B;PER;VER_PER;GUT1;VER-B-PER-GUT1
VER-B-PER-GUT2;VER;B;PER;VER_PER;GUT2;VER-B-PER-GUT2
VER-B-PER-GUT3;VER;B;PER;VER_PER;GUT3;VER-B-PER-GUT3
VER-B-PER-GUT4;VER;B;PER;VER_PER;GUT4;VER-B-PER-GUT4
VER-B-PER-GUT5;VER;B;PER;VER_PER;GUT5;VER-B-PER-GUT5
VER-B-PER-GUT6;VER;B;PER;VER_PER;GUT6;VER-B-PER-GUT6
VER-B-PER-GUT7;VER;B;PER;VER_PER;GUT7;VER-B-PER-GUT7
VER-B-PER-GUT8;VER;B;PER;VER_PER;GUT8;VER-B-PER-GUT8
VER-B-PER-GUT9;VER;B;PER;VER_PER;GUT9;VER-B-PER-GUT9
VER-B-W1-ADN1;VER;B;WATER;VER_WATER;W1;VER-B-W1-ADN1
VER-B-W2-ADN1;VER;B;WATER;VER_WATER;W2;VER-B-W2-ADN1
VER-B-W2-SED1;VER;B;SED;VER_SED;SED1;VER-B-W2-SED1
VER-B-W3-ADN1;VER;B;WATER;VER_WATER;W3;VER-B-W3-ADN1